url,title,inc,day,part,language,newtitle
https://youtu.be/aD3cke8KrMc,INC-5: Conversation with Observers,5,NA,1,NA,INC-5-Day-NA-Part-1-NA
https://youtu.be/3G0N-Y8DeYA?si=7jG9bYKaMoy3S5rn,INC-4: Conversation with Observers,4,NA,1,NA,INC-4-Day-NA-Part-1-NA
https://www.youtube.com/watch?v=-OZ1DR8Sn70,Day 1 Plenary - INC-2 - Original language,2,1,1,NA,INC-2-Day-1-Part-1-NA
https://youtu.be/oLHn1xT3SjQ,INC-2 Day 1: Plenary 1/2 - Arabic,2,1,1,Arabic,INC-2-Day-1-Part-1-Arabic
https://youtube.com/live/NadBwglkcZI,INC-2 Day 1: Plenary 1/2 - Chinese,2,1,1,Chinese,INC-2-Day-1-Part-1-Chinese
https://youtu.be/gcFnKP-ziDs,INC-2 Day 1: Plenary 1/2 - English,2,1,1,English,INC-2-Day-1-Part-1-English
https://youtu.be/Jyuc_zIVUg4,INC-2 Day 1: Plenary 1/2 - French,2,1,1,French,INC-2-Day-1-Part-1-French
https://youtu.be/oBTMXxTOkm0,INC-2 Day 1: Plenary 1/2 - Russian,2,1,1,Russian,INC-2-Day-1-Part-1-Russian
https://youtu.be/-H2ei3hX5r8,INC-2 Day 1: Plenary 1/2 - Spanish,2,1,1,Spanish,INC-2-Day-1-Part-1-Spanish
https://youtu.be/C8mojvYXsbw,INC-2 Day 1: Plenary 2/2 - Arabic,2,1,2,Arabic,INC-2-Day-1-Part-2-Arabic
https://youtu.be/GUDqh5hHR9c,INC-2 Day 1: Plenary 2/2 - Chinese,2,1,2,Chinese,INC-2-Day-1-Part-2-Chinese
https://youtu.be/6W7VBp1GFic,INC-2 Day 1: Plenary 2/2 - English,2,1,2,English,INC-2-Day-1-Part-2-English
https://youtu.be/cEOGQxMczug,INC-2 Day 1: Plenary 2/2 - French,2,1,2,French,INC-2-Day-1-Part-2-French
https://youtu.be/N1P8EZ3ZXlc,INC-2 Day 1: Plenary 2/2 - Russian,2,1,2,Russian,INC-2-Day-1-Part-2-Russian
https://youtu.be/6L3dQanotr8,INC-2 Day 1: Plenary 2/2 - Spanish,2,1,2,Spanish,INC-2-Day-1-Part-2-Spanish
https://www.youtube.com/watch?v=iv2YqonIm9I,Day 2 INC 2 Plenary - Original language,2,2,1,NA,INC-2-Day-2-Part-1-NA
https://youtu.be/7-y8dw3G7P0,INC-2 Day 2: Plenary 1/2 - Arabic,2,2,1,Arabic,INC-2-Day-2-Part-1-Arabic
https://youtu.be/ia6DbXJfpoA,INC-2 Day 2: Plenary 1/2 - Chinese,2,2,1,Chinese,INC-2-Day-2-Part-1-Chinese
https://youtu.be/I0dSo4yQ5dE,INC-2 Day 2: Plenary 1/2 - English,2,2,1,English,INC-2-Day-2-Part-1-English
https://youtu.be/Iylc8CGljbs,INC-2 Day 2: Plenary 1/2 - French,2,2,1,French,INC-2-Day-2-Part-1-French
https://youtu.be/deEeUrnga38,INC-2 Day 2: Plenary 1/2 - Russian,2,2,1,Russian,INC-2-Day-2-Part-1-Russian
https://youtu.be/F0cN0AZXM28,INC-2 Day 2: Plenary 1/2 - Spanish,2,2,1,Spanish,INC-2-Day-2-Part-1-Spanish
https://youtu.be/DDBqkekDAMo,INC-2 Day 2: Plenary 2/2 - Arabic,2,2,2,Arabic,INC-2-Day-2-Part-2-Arabic
https://youtu.be/DZCSgMbjZmQ,INC-2 Day 2: Plenary 2/2 - Chinese,2,2,2,Chinese,INC-2-Day-2-Part-2-Chinese
https://youtu.be/LHJsNJD-abA,INC-2 Day 2: Plenary 2/2 - English,2,2,2,English,INC-2-Day-2-Part-2-English
https://youtu.be/f4ZrDlF81hI,INC-2 Day 2: Plenary 2/2 - French,2,2,2,French,INC-2-Day-2-Part-2-French
https://youtu.be/eDF8BJb6j5o,INC-2 Day 2: Plenary 2/2 - Russian,2,2,2,Russian,INC-2-Day-2-Part-2-Russian
https://youtu.be/_77miA4bUJE,INC-2 Day 2: Plenary 2/2 - Spanish,2,2,2,Spanish,INC-2-Day-2-Part-2-Spanish
https://www.youtube.com/watch?v=Hjp5NlE4C8o,Day 3 - INC -2 Plenary - Original Language,2,3,1,NA,INC-2-Day-3-Part-1-NA
https://youtu.be/YACT9VvAaFM,INC-2 Day 3: Plenary 1/3 - Arabic,2,3,1,Arabic,INC-2-Day-3-Part-1-Arabic
https://youtu.be/1ivg3xURCvM,INC-2 Day 3: Plenary 1/3 - Chinese,2,3,1,Chinese,INC-2-Day-3-Part-1-Chinese
https://youtu.be/NFGehya6ekQ,INC-2 Day 3: Plenary 1/3 - English,2,3,1,English,INC-2-Day-3-Part-1-English
https://youtu.be/t8-NUPlj5VM,INC-2 Day 3: Plenary 1/3 - French,2,3,1,French,INC-2-Day-3-Part-1-French
https://youtu.be/456pzVIaHBw,INC-2 Day 3: Plenary 1/3 - Russian,2,3,1,Russian,INC-2-Day-3-Part-1-Russian
https://youtu.be/wyZq-f94DoU,INC-2 Day 3: Plenary 1/3 - Spanish,2,3,1,Spanish,INC-2-Day-3-Part-1-Spanish
https://youtu.be/Dnt-ImxHIWs,INC-2 Day 3: Plenary 2/3 - Arabic,2,3,2,Arabic,INC-2-Day-3-Part-2-Arabic
https://youtu.be/5wsLiAJKtDU,INC-2 Day 3: Plenary 2/3 - Chinese,2,3,2,Chinese,INC-2-Day-3-Part-2-Chinese
https://youtu.be/57gA_ikFauI,INC-2 Day 3: Plenary 2/3 - English,2,3,2,English,INC-2-Day-3-Part-2-English
https://youtu.be/0_AuDGy3rtk,INC-2 Day 3: Plenary 2/3 - French,2,3,2,French,INC-2-Day-3-Part-2-French
https://youtu.be/xCvM3erT2wU,INC-2 Day 3: Plenary 2/3 - Russian,2,3,2,Russian,INC-2-Day-3-Part-2-Russian
https://youtu.be/bspq0LsgQW0,INC-2 Day 3: Plenary 2/3 - Spanish,2,3,2,Spanish,INC-2-Day-3-Part-2-Spanish
https://youtu.be/-aaju9OwTxs,INC-2 Day 3: Plenary 3/3 - English,2,3,3,English,INC-2-Day-3-Part-3-English
https://www.youtube.com/watch?v=S9qYSpWdZO8,Day 5 INC-2 Plenary - Original language,2,5,1,NA,INC-2-Day-5-Part-1-NA
https://youtu.be/eqeHjD_nN18,INC-2 Day 5: Plenary 1/2 - Arabic,2,5,1,Arabic,INC-2-Day-5-Part-1-Arabic
https://youtu.be/MdaMk7ajEXA,INC-2 Day 5: Plenary 1/2 - Chinese,2,5,1,Chinese,INC-2-Day-5-Part-1-Chinese
https://youtu.be/YF6U5h1_5eU,INC-2 Day 5: Plenary 1/2 - English,2,5,1,English,INC-2-Day-5-Part-1-English
https://youtu.be/QvAo4chpjjY,INC-2 Day 5: Plenary 1/2 - French,2,5,1,French,INC-2-Day-5-Part-1-French
https://youtu.be/AsnysdkCtgs,INC-2 Day 5: Plenary 1/2 - Russian,2,5,1,Russian,INC-2-Day-5-Part-1-Russian
https://youtu.be/k3BUn3tDHg0,INC-2 Day 5: Plenary 1/2 - Spanish,2,5,1,Spanish,INC-2-Day-5-Part-1-Spanish
https://youtu.be/rnU-VhRzySQ,INC-2 Day 5: Plenary 2/2 - Arabic,2,5,2,Arabic,INC-2-Day-5-Part-2-Arabic
https://youtu.be/ie7zD7lFq1s,INC-2 Day 5: Plenary 2/2 - Chinese,2,5,2,Chinese,INC-2-Day-5-Part-2-Chinese
https://youtu.be/X_j5gX6nK-k,INC-2 Day 5: Plenary 2/2 - English,2,5,2,English,INC-2-Day-5-Part-2-English
https://youtu.be/Rktx8RCh5D4,INC-2 Day 5: Plenary 2/2 - French,2,5,2,French,INC-2-Day-5-Part-2-French
https://youtu.be/kg7-e88kQEk,INC-2 Day 5: Plenary 2/2 - Russian,2,5,2,Russian,INC-2-Day-5-Part-2-Russian
https://youtu.be/5IOJeduLCLQ,INC-2 Day 5: Plenary 2/2 - Spanish,2,5,2,Spanish,INC-2-Day-5-Part-2-Spanish
https://youtu.be/gPho5jC_TV4,INC-2: Press Briefing - English,2,NA,1,English,INC-2-Day-NA-Part-1-English
https://youtu.be/pJQkvOlIYac,INC-2: Press Briefing - French,2,NA,1,French,INC-2-Day-NA-Part-1-French
https://www.youtube.com/watch?v=Iiq92C8bv7k,INC Day 1 - Floor,1,1,1,Floor,INC-1-Day-1-Part-1-Floor
https://youtu.be/6Ej-M0Pmsak,INC Day 1 – Arabic,1,1,1,Arabic,INC-1-Day-1-Part-1-Arabic
https://youtu.be/V5OhR6sA8ys,INC Day 1 – Chinese,1,1,1,Chinese,INC-1-Day-1-Part-1-Chinese
https://youtu.be/N_GSIL0lLDs,INC Day 1 – English,1,1,1,English,INC-1-Day-1-Part-1-English
https://youtu.be/N0tndIkgmhE,INC Day 1 – French,1,1,1,French,INC-1-Day-1-Part-1-French
https://youtu.be/rI9yR9Unecs,INC Day 1 – Russian,1,1,1,Russian,INC-1-Day-1-Part-1-Russian
https://youtu.be/faWpcV3_ft8,INC Day 1 – Spanish,1,1,1,Spanish,INC-1-Day-1-Part-1-Spanish
https://youtu.be/kKJQ2JLEjCw,INC Day 2 – Floor,1,2,1,Floor,INC-1-Day-2-Part-1-Floor
https://www.youtube.com/live/nHWOm3jnM4k?si=Quv6OyR4JmAOHy6k,INC Day 2 – Arabic,1,2,1,Arabic,INC-1-Day-2-Part-1-Arabic
https://youtu.be/ok2W6StHNN4,INC Day 2 – Chinese,1,2,1,Chinese,INC-1-Day-2-Part-1-Chinese
https://youtu.be/v8yQgZOdliQ,INC Day 2 – English,1,2,1,English,INC-1-Day-2-Part-1-English
https://youtu.be/lvZazc9HwzU,INC Day 2 – French,1,2,1,French,INC-1-Day-2-Part-1-French
https://youtu.be/rULFUwbNL1M,INC-1 Day 2 - Morning Plenary Session - Russian Channel,1,2,1,NA,INC-1-Day-2-Part-1-NA
https://youtu.be/7RT5xpE9i9A,INC-1 Day 2 Afternoon Plenary Session - Russian Channel,1,2,1,NA,INC-1-Day-2-Part-1-NA
https://youtu.be/aLkn6JthYpU,INC Day 2 – Spanish,1,2,1,Spanish,INC-1-Day-2-Part-1-Spanish
https://youtu.be/yg4uKHqyIdo,INC Day 3 – Floor,1,3,1,Floor,INC-1-Day-3-Part-1-Floor
https://youtu.be/o0SnFfqM-vY,INC Day 3 – Arabic,1,3,1,Arabic,INC-1-Day-3-Part-1-Arabic
https://youtu.be/3kd_aowmGbU,INC Day 3 – Chinese,1,3,1,Chinese,INC-1-Day-3-Part-1-Chinese
https://youtu.be/ZhRN68iWz1k,INC Day 3 – English,1,3,1,English,INC-1-Day-3-Part-1-English
https://youtu.be/s_89v97a7xM,INC Day 3 – French,1,3,1,French,INC-1-Day-3-Part-1-French
https://youtu.be/UKpl8ow0BOY,INC Day 3 – Russian,1,3,1,Russian,INC-1-Day-3-Part-1-Russian
https://youtu.be/02NpoZmPh5U,INC Day 3 – Spanish,1,3,1,Spanish,INC-1-Day-3-Part-1-Spanish
https://youtu.be/rxLrJlIPeHQ%20,INC Day 4 – Floor,1,4,1,Floor,INC-1-Day-4-Part-1-Floor
https://youtu.be/flQcIIXolDU,INC Day 4 – Arabic,1,4,1,Arabic,INC-1-Day-4-Part-1-Arabic
https://youtu.be/r6d7Cil915I,INC Day 4 – Chinese,1,4,1,Chinese,INC-1-Day-4-Part-1-Chinese
https://youtu.be/h0LsDf0-rz8,INC Day 4 – English,1,4,1,English,INC-1-Day-4-Part-1-English
https://youtu.be/J8dZVczMnvg,INC Day 4 – French,1,4,1,French,INC-1-Day-4-Part-1-French
https://youtu.be/w8dh0Jd12n4,INC Day 4 – Russian,1,4,1,Russian,INC-1-Day-4-Part-1-Russian
https://youtu.be/yQWUgUmTS8w,INC Day 4 – Spanish,1,4,1,Spanish,INC-1-Day-4-Part-1-Spanish
https://youtu.be/TeNi2dggDbg,INC-1 Day 5: Secretariat on Plastic Pollution - Arabic,1,5,1,Arabic,INC-1-Day-5-Part-1-Arabic
https://youtu.be/KJyStOb3RhA,INC-1 Day 5: Secretariat on Plastic Pollution - Chinese,1,5,1,Chinese,INC-1-Day-5-Part-1-Chinese
https://youtu.be/c8wjbRH0LB0,INC-1 Day 5: Secretariat on Plastic Pollution - French,1,5,1,French,INC-1-Day-5-Part-1-French
https://youtu.be/rwNWK-ceGuI,INC-1 Day 5: Secretariat on Plastic Pollution - Russian,1,5,1,Russian,INC-1-Day-5-Part-1-Russian
https://youtu.be/Qyszy1BKbPE,INC-1 Day 5: Secretariat on Plastic Pollution - Spanish,1,5,1,Spanish,INC-1-Day-5-Part-1-Spanish
https://www.youtube.com/unenvironmentprogramme,UN Environment Programme,NA,NA,1,NA,INC-NA-Day-NA-Part-1-NA
